loss,sparse_categorical_accuracy,val_loss,val_sparse_categorical_accuracy
0.49951717257499695,0.9316250085830688,0.10076547414064407,0.9694166779518127
0.07058421522378922,0.9780416488647461,0.07713926583528519,0.9766666889190674
0.04559241235256195,0.9849791526794434,0.07024485617876053,0.9794999957084656
0.03474381938576698,0.9883124828338623,0.06346435099840164,0.9809166789054871
0.030055925250053406,0.9905416369438171,0.08406239002943039,0.9808333516120911
